post_table_id,search_table_id,city,country,post_question_text,url,date_updated,date_created,post_raw_Text,post_id,group_id,date_stamp,reactions_like,reactions_love,reactions_haha,reactions_wow,group_name,tag_1,tag_2,tag_3,tag_4,tag_5
1,1,Melbourne,Australia,Se necesita visa para hacer escala en Auckland?,https://m.facebook.com/groups/8599519511?view=permalink&id=10157271055259512,6-Aug-19,6-Aug-19,,,,,,,,,,,,,,
2,1,Melbourne,Australia,Se necesita visa para hacer escala en Auckland?,https://m.facebook.com/groups/8599519511?view=permalink&id=10156990656259512,6-Aug-19,6-Aug-19,,,,,,,,,,,,,,
3,2,Melbourne,Australia,¿Cuanto tiempo se tarda en obtener la visa para Nueva Zelanda estando en Australia?,https://www.facebook.com/groups/colombianosenmelbourneaustralia/permalink/10157282834154512/,6-Aug-19,6-Aug-19,,,,,,,,,,,,,,
4,3,Melbourne,Australia,¿Qué agencias hay para irse a estudiar a Australia?,https://www.facebook.com/groups/colombianosenmelbourneaustralia/permalink/10157273006629512/,6-Aug-19,6-Aug-19,,,,,,,,,,,,,,
5,4,Melbourne,Australia,¿Que tipo de seguro se neceita para trabajar haciendo entregas en scooter?,https://www.facebook.com/groups/colombianosenmelbourneaustralia/permalink/10157282502859512/,6-Aug-19,6-Aug-19,,,,,,,,,,,,,,
6,5,Melbourne,Australia,"¿Qué se necesita para aplicar a una visa Australiana, adjuntando una oferta laboral?",https://www.facebook.com/groups/colombianosenmelbourneaustralia/permalink/10157282480384512/,6-Aug-19,6-Aug-19,,,,,,,,,,,,,,
7,6,Melbourne,Australia,¿Por cual buscador puedo encontrar boletos aéreos económicos a Melbourne?,https://www.facebook.com/groups/colombianosenmelbourneaustralia/permalink/10157270428754512/,6-Aug-19,6-Aug-19,,,,,,,,,,,,,,
8,7,Melbourne,Australia,¿Puedo solicitar una visa para Australia desde Estados Unidos siendo colombiano?,https://www.facebook.com/groups/colombianosenmelbourneaustralia/permalink/10157282046764512/,6-Aug-19,6-Aug-19,,,,,,,,,,,,,,
9,8,Melbourne,Australia,¿Como hago para solicitar la visa americana desde Australia?,https://www.facebook.com/groups/colombianosenmelbourneaustralia/permalink/10157282623064512/,6-Aug-19,6-Aug-19,,,,,,,,,,,,,,
10,9,Melbourne,Australia,¿Cómo aplico para una visa a Marruecos desde Melbourne?,https://www.facebook.com/groups/colombianosenmelbourneaustralia/permalink/10157280098974512/,6-Aug-19,6-Aug-19,,,,,,,,,,,,,,
11,10,Melbourne,Australia,¿Por donde puedo mandar a traducir mi licencia de conducir?,https://www.facebook.com/groups/colombianosenmelbourneaustralia/permalink/10157282028879512/,6-Aug-19,6-Aug-19,,,,,,,,,,,,,,
12,11,Melbourne,Australia,¿En qué términos puede quedar uno con su visa si ha incumplido la condición de trabajar solo 20 horas a la semana?,https://www.facebook.com/groups/colombianosenmelbourneaustralia/permalink/10157283049704512/,6-Aug-19,6-Aug-19,,,,,,,,,,,,,,
13,12,Melbourne,Australia,¿Hay algun tipo de regulación para el ingreso de medicamentos a Australia?,https://www.facebook.com/groups/colombianosenmelbourneaustralia/permalink/10157283855049512/,6-Aug-19,6-Aug-19,,,,,,,,,,,,,,
14,3,Melbourne,Australia, ¿Qué agencias tramitan la postgraduate visa?,https://www.facebook.com/groups/colombianosenmelbourneaustralia/permalink/10157276927764512/,6-Aug-19,6-Aug-19,,,,,,,,,,,,,,
15,13,Melbourne,Australia,¿En donde puedo consultar las tarifas de las visas?,https://www.facebook.com/groups/colombianosenmelbourneaustralia/permalink/10157285055289512/,6-Aug-19,6-Aug-19,,,,,,,,,,,,,,
16,14,Melbourne,Australia,¿Puedo cambiar mi visa de turista a una visa de estudiante?,https://www.facebook.com/groups/colombianosenmelbourneaustralia/permalink/10157210378834512/,6-Aug-19,6-Aug-19,,,,,,,,,,,,,,
17,14,Melbourne,Australia,¿Se puede cambiar una visa de turista por una de estudiante estando en Australia?,https://www.facebook.com/groups/colombianosenmelbourneaustralia/permalink/10157235039919512/,6-Aug-19,6-Aug-19,,,,,,,,,,,,,,
18,15,Melbourne,Australia,¿Puedo conseguir trabajo como abogado en Australia si me gradué de derecho en Colombia?,https://www.facebook.com/groups/colombianosenmelbourneaustralia/permalink/10157285107009512/,6-Aug-19,6-Aug-19,,,,,,,,,,,,,,
19,16,Melbourne,Australia,¿Que instituciones hay para estudiar inglés en Melbourne?,https://www.facebook.com/groups/colombianosenmelbourneaustralia/permalink/10157284872509512/,6-Aug-19,6-Aug-19,,,,,,,,,,,,,,
20,17,Melbourne,Australia,¿En que sitios venden maiz para hacer arepas en Melbourne?,https://www.facebook.com/groups/colombianosenmelbourneaustralia/permalink/10157283117089512/,6-Aug-19,6-Aug-19,,,,,,,,,,,,,,
21,18,Melbourne,Australia,¿Que empresas ayudan para denuncias del tipo laboral?,https://www.facebook.com/groups/colombianosenmelbourneaustralia/permalink/10157284838514512/,6-Aug-19,6-Aug-19,,,,,,,,,,,,,,
22,19,Melbourne,Australia,"¿Cual es la mejor manera de vistar Mt Buller, en carro propio o por agencia?",https://www.facebook.com/groups/colombianosenmelbourneaustralia/permalink/10157277241639512/,6-Aug-19,6-Aug-19,,,,,,,,,,,,,,
23,20,Melbourne,Australia,¿En cuales iglesias hablan español en Melbourne?,https://www.facebook.com/groups/cluddecolombianosenmelbourne/permalink/10156440128498321/?sale_post_id=10156440128498321,6-Aug-19,6-Aug-19,,,,,,,,,,,,,,
24,21,Melbourne,Australia,¿Donde puedo apostillar un documento en Australia?,https://www.facebook.com/groups/cluddecolombianosenmelbourne/permalink/10156452865658321/,6-Aug-19,6-Aug-19,,,,,,,,,,,,,,
25,22,Melbourne,Australia,¿Qué abogados me pueden recomendar que hablen español y trabajen temas con real state en Melbourne?,https://www.facebook.com/groups/cluddecolombianosenmelbourne/permalink/10156435760998321/,6-Aug-19,6-Aug-19,,,,,,,,,,,,,,
26,23,Melbourne,Australia,"¿Como Colombiano, requiero visa para Japon?",https://www.facebook.com/groups/cluddecolombianosenmelbourne/permalink/10156434750603321/,6-Aug-19,6-Aug-19,,,,,,,,,,,,,,
27,24,Melbourne,Australia,¿Que abogados que hablen español me pueden recomendar para temas de inmigración?,https://www.facebook.com/groups/cluddecolombianosenmelbourne/permalink/10156449563153321/?sale_post_id=10156449563153321,6-Aug-19,6-Aug-19,,,,,,,,,,,,,,
28,16,Melbourne,Australia,¿Cuales institutos recomiendan para estudiar ingles?,https://www.facebook.com/groups/cluddecolombianosenmelbourne/permalink/10156410282628321/,6-Aug-19,6-Aug-19,,,,,,,,,,,,,,
29,3,Melbourne,Australia,¿Qué agencias me pueden recomendar para una extensión de visa?,https://www.facebook.com/groups/cluddecolombianosenmelbourne/permalink/10156432779748321/?sale_post_id=10156432779748321,6-Aug-19,6-Aug-19,,,,,,,,,,,,,,
30,6,Melbourne,Australia,¿Qué hoteles y lugares para visitar en Tailandia me reocmiendan?,https://www.facebook.com/groups/477322262316095/permalink/2239834879398149/?sale_post_id=2239834879398149,6-Aug-19,6-Aug-19,,,,,,,,,,,,,,
31,25,Melbourne,Australia,¿Quien se encarga de hacer el tax return para que te devuelvan la mayor cantidad de dinero posible?,https://www.facebook.com/groups/477322262316095/permalink/2236592759722361/,6-Aug-19,6-Aug-19,,,,,,,,,,,,,,
32,26,Melbourne,Australia,¿Que compañias de seguros me recomiendan para comprar el seguro medico que piden para la solicitud de la visa?,https://www.facebook.com/groups/colombianosenmelbourneaustralia/permalink/10157271973619512/,6-Aug-19,6-Aug-19,,,,,,,,,,,,,,
33,27,Sydney,Australia,¿Por que medio puedo buscar para convivir con una familia Australiana?,https://www.facebook.com/groups/colombianosensydneyoficial/permalink/1154722834651431/,6-Aug-19,6-Aug-19,,,,,,,,,,,,,,
34,8,Sydney,Australia,¿Qué agencia me recomiendan para tramitar la visa americana?,https://www.facebook.com/groups/colombianosensydneyoficial/permalink/1158073114316403/,6-Aug-19,6-Aug-19,,,,,,,,,,,,,,
35,28,Sydney,Australia,¿Cual pagina me recomiendan para encontrar cruceros baratos?,https://www.facebook.com/groups/colombianosensydneyoficial/permalink/1158365570953824/,6-Aug-19,6-Aug-19,,,,,,,,,,,,,,
36,18,Sydney,Australia,¿Cuales son los pasos para denunciar a alguien que no me ha pagado?,https://www.facebook.com/groups/colombianosensydneyoficial/permalink/1151418311648550/,6-Aug-19,6-Aug-19,,,,,,,,,,,,,,
37,21,Sydney,Australia,¿Como puedo autenticar un poder estando en Australia?,https://www.facebook.com/groups/colombianosensydneyoficial/permalink/1158615200928861/,6-Aug-19,6-Aug-19,,,,,,,,,,,,,,
38,30,Sydney,Australia,¿Western union funciona normalmente en Sydney?,https://www.facebook.com/groups/colombianosensydneyoficial/permalink/1158374020952979/,6-Aug-19,6-Aug-19,,,,,,,,,,,,,,
39,31,Sydney,Australia,¿Dónde puedo encontrar un médico que hable el español?,https://www.facebook.com/groups/colombianosensydneyoficial/permalink/1158347634288951/,6-Aug-19,6-Aug-19,,,,,,,,,,,,,,
40,32,Sydney,Australia,¿En qué lugar puedo alquilar bicicletas económicas?,https://www.facebook.com/groups/colombianosensydneyoficial/permalink/1017121515078231/,6-Aug-19,6-Aug-19,,,,,,,,,,,,,,
41,33,Sydney,Australia,¿Cuánto tiempo se tardan en aprobar la visa?,https://www.facebook.com/groups/colombianosensydneyoficial/permalink/1152429454880769/,6-Aug-19,6-Aug-19,,,,,,,,,,,,,,
42,34,Sydney,Australia,¿Es posible que una agencia me preste dinero para demostrar solvencia económica al momento de solicitar la visa y luego devolverlo?,https://www.facebook.com/groups/colombianosensydneyoficial/permalink/1142615385862176/,6-Aug-19,6-Aug-19,,,,,,,,,,,,,,
43,35,Sydney,Australia,¿Qué requisitos piden para la visa de facto o de pareja?,https://www.facebook.com/groups/colombianosensydneyoficial/permalink/722175674572818/,6-Aug-19,6-Aug-19,,,,,,,,,,,,,,
44,3,Sydney,Australia,¿Qué agencia me recomiendan para extender la visa australiana por segunda vez?,https://www.facebook.com/groups/colombianosensydneyoficial/permalink/1141697822620599/,6-Aug-19,6-Aug-19,,,,,,,,,,,,,,
45,36,Sydney,Australia,¿Cuánto tiempo se demora y cuánto cuesta una visa de tránsito?,https://www.facebook.com/groups/colombianosensydneyoficial/permalink/542144285909292/,6-Aug-19,6-Aug-19,,,,,,,,,,,,,,
46,8,Sydney,Australia,¿Cómo es el proceso de sacar la visa americana en Australia en comparación con sacarla en Colombia?,https://www.facebook.com/groups/colombianosensydneyoficial/permalink/1133775203412861/,6-Aug-19,6-Aug-19,,,,,,,,,,,,,,
47,8,Sydney,Australia,¿Cómo hago para tramitar la visa americana?,https://www.facebook.com/groups/colombianosensydneyoficial/permalink/1070935336363515/,6-Aug-19,6-Aug-19,,,,,,,,,,,,,,
48,37,Sydney,Australia,"¿Los colombianos necesitamos visa para ir a Filipinas, Vietnam y Myanmar ?",https://www.facebook.com/groups/colombianosensydneyoficial/permalink/1142101835913531/,6-Aug-19,6-Aug-19,,,,,,,,,,,,,,
49,38,Sydney,Australia,Si tengo una visa válida por un año y ya viajé a Australia por 3 meses. ¿Puedo volver a viajar usando la misma visa si aún está vigente?,https://www.facebook.com/groups/colombianosensydneyoficial/permalink/1109853312471717/,6-Aug-19,6-Aug-19,,,,,,,,,,,,,,
50,39,Sydney,Australia,¿Qué es más fácil sacar la visa de turismo y luego estando en Australia solicitar la de estudiante o solicitar de una vez la visa de estudiante desde Colombia?,https://www.facebook.com/groups/colombianosensydneyoficial/permalink/797967316993653/,6-Aug-19,6-Aug-19,,,,,,,,,,,,,,
51,40,Sydney,Australia,¿Se necesita visa para hacer escala en Japon?,https://www.facebook.com/groups/colombianosensydneyoficial/permalink/647969778660075/,6-Aug-19,6-Aug-19,,,,,,,,,,,,,,
52,41,Sydney,Australia,¿Los colombianos necesitamos visa para ir a Corea del Sur?,https://www.facebook.com/groups/colombianosensydneyoficial/permalink/1106957596094622/,6-Aug-19,6-Aug-19,,,,,,,,,,,,,,
53,12,Melbourne,Australia,¿Se pueden enviar medicinas desde Colombia hasta Australia por encomienda?,https://www.facebook.com/groups/colombianosenmelbourneaustralia/permalink/10156770665929512/,6-Aug-19,6-Aug-19,,,,,,,,,,,,,,
54,12,Melbourne,Australia,¿Donde es mas recomendable llevar las medicinas en la maleta de mano o en el equipaje de bodega?,https://www.facebook.com/groups/colombianosenmelbourneaustralia/permalink/10156510257559512/,6-Aug-19,6-Aug-19,,,,,,,,,,,,,,
55,12,Melbourne,Australia,¿Cuanto es la cantidad maxima permitida de medicamentos que se pueden llevar en el equipaje?,https://www.facebook.com/groups/colombianosenmelbourneaustralia/permalink/10154961330994512/,6-Aug-19,6-Aug-19,,,,,,,,,,,,,,
56,44,Melbourne,Australia,"¿Hay educacion de pre escolar gratis, para los hijos de inmigrantes?",https://www.facebook.com/groups/colombianosenmelbourneaustralia/permalink/10157227182334512/,6-Aug-19,6-Aug-19,,,,,,,,,,,,,,
57,45,Melbourne,Australia,¿Cuanto es el promedio de pago por hora y cuantas horas se pueden trabajar?,https://www.facebook.com/groups/colombianosenmelbourneaustralia/permalink/10156439267564512/,6-Aug-19,6-Aug-19,,,,,,,,,,,,,,
58,46,Melbourne,Australia,¿Cuanto dinero debo llevar aproximadamente para cubrir mis gastos mientras consigo trabajo y cuánto tiempo lleva encontrar trabajo?,https://www.facebook.com/groups/colombianosenmelbourneaustralia/permalink/10157193876489512/,6-Aug-19,6-Aug-19,,,,,,,,,,,,,,
59,16,Melbourne,Australia,¿Que escuelas me recomiendan para un diplomado relacionado con negocios internacionales?,https://www.facebook.com/groups/colombianosenmelbourneaustralia/permalink/10157195327019512/,6-Aug-19,6-Aug-19,,,,,,,,,,,,,,
60,47,Melbourne,Australia,¿Donde hay iglesias cristianas en Melbourne ?,https://www.facebook.com/groups/colombianosenmelbourneaustralia/permalink/10155498407754512/,6-Aug-19,6-Aug-19,,,,,,,,,,,,,,
61,23,Melbourne,Australia,¿Puede alguien con visa de turista solicitar una visa para Japón estando en Australia o debe tramitarla por Colombia?,https://www.facebook.com/groups/colombianosenmelbourneaustralia/permalink/10156608702899512/,6-Aug-19,6-Aug-19,,,,,,,,,,,,,,
62,49,Melbourne,Australia,¿Los colombianos necesitamos visa de tránsito para China?,https://www.facebook.com/groups/colombianosenmelbourneaustralia/permalink/10154429960054512/,6-Aug-19,6-Aug-19,,,,,,,,,,,,,,
63,47,Melbourne,Australia,¿Qué iglesia cristiana me pueden recomendar en Melbourne?,https://www.facebook.com/groups/colombianosenmelbourneaustralia/permalink/10155054152124512/,6-Aug-19,6-Aug-19,,,,,,,,,,,,,,
64,20,Melbourne,Australia,¿En qué iglesias hay misa en español?,https://www.facebook.com/groups/colombianosenmelbourneaustralia/permalink/10154558860454512/,6-Aug-19,6-Aug-19,,,,,,,,,,,,,,
65,50,Melbourne,Australia,¿Cuánto tiempo debo esperar para volver a aplicar a la visa si me la niegan?,https://www.facebook.com/groups/cluddecolombianosenmelbourne/permalink/10155879815088321/,6-Aug-19,6-Aug-19,,,,,,,,,,,,,,
66,23,Melbourne,Australia,¿Los colombianos requerimos visa para viajar a Malasia?,https://www.facebook.com/groups/cluddecolombianosenmelbourne/permalink/10154339656118321/,6-Aug-19,6-Aug-19,,,,,,,,,,,,,,
67,16,Melbourne,Australia,¿Donde dan cursos de preparación para el examen de ingles PTE?,https://www.facebook.com/groups/cluddecolombianosenmelbourne/permalink/10154666260103321/,6-Aug-19,6-Aug-19,,,,,,,,,,,,,,
68,20,Melbourne,Australia,¿Que iglesias hay donde la misa sea en español?,https://www.facebook.com/groups/cluddecolombianosenmelbourne/permalink/10154555374983321/,6-Aug-19,6-Aug-19,,,,,,,,,,,,,,
69,18,Melbourne,Australia,¿Cómo se llama la entidad para denunciar empresas que no pagan?,https://www.facebook.com/groups/cluddecolombianosenmelbourne/permalink/10154763105828321/,6-Aug-19,6-Aug-19,,,,,,,,,,,,,,
70,52,Melbourne,Australia,¿Qué aerolíneas que viajen a Melbourne permiten dos maletas gratis de equipaje de bodega?,https://www.facebook.com/groups/cluddecolombianosenmelbourne/permalink/10156449734583321/?sale_post_id=10156449734583321,6-Aug-19,6-Aug-19,,,,,,,,,,,,,,
71,52,Melbourne,Australia,¿Cuantas maletas se pueden llevar en vuelo de Estados Unidos a Australia con la aerolinea United?,https://www.facebook.com/groups/colombianosenmelbourneaustralia/permalink/10157292163404512/,6-Aug-19,6-Aug-19,,,,,,,,,,,,,,
72,16,Melbourne,Australia,¿Donde se presenta el  IELTS Académico para estudios universitarios y cuánto cuesta?,https://www.facebook.com/groups/colombianosenmelbourneaustralia/permalink/10157291668214512/,6-Aug-19,6-Aug-19,,,,,,,,,,,,,,
73,16,Melbourne,Australia,¿Qué tan difícil es el examen IELTS y qué recomendaciones me dan para presentarlo?,https://www.facebook.com/groups/colombianosenmelbourneaustralia/permalink/10155543813364512/,6-Aug-19,6-Aug-19,,,,,,,,,,,,,,
74,16,Melbourne,Australia,¿Qué páginas tienen ejercicios del examen IELTS ACADEMIC con los que pueda estudiar? ,https://www.facebook.com/groups/colombianosenmelbourneaustralia/permalink/10156103490559512/,6-Aug-19,6-Aug-19,,,,,,,,,,,,,,
75,16,Melbourne,Australia,¿Qué profesores me pueden recomendar con experiencia para preparación para el  IELTS?,https://www.facebook.com/groups/cluddecolombianosenmelbourne/permalink/10155742002003321/?sale_post_id=10155742002003321&rt=11,6-Aug-19,6-Aug-19,,,,,,,,,,,,,,
76,53,Melbourne,Australia,¿Me pueden aprobar la visa despues de haber sido negada antes?,https://www.facebook.com/groups/cluddecolombianosenmelbourne/permalink/10156459978123321/?sale_post_id=10156459978123321&rt=11,6-Aug-19,6-Aug-19,,,,,,,,,,,,,,
77,37,Melbourne,Australia,¿Es cierto que  la Visa para Vietnam se retira directamente en el aeropuerto?,https://www.facebook.com/groups/cluddecolombianosenmelbourne/permalink/10156297876913321/,6-Aug-19,6-Aug-19,,,,,,,,,,,,,,
78,16,Sydney,Australia," ¿Qué cursos de preparación para test de inglés (CAE, TOEFL, IELTS) me pueden recomendar en Sydney?",https://www.facebook.com/groups/colombianosensydneyoficial/permalink/1052918601498522/,6-Aug-19,6-Aug-19,,,,,,,,,,,,,,
79,16,Sydney,Australia,¿Qué tutor privado me pueden recomendar para el IELTS?,https://www.facebook.com/groups/colombianosensydneyoficial/permalink/660298354093884/,6-Aug-19,6-Aug-19,,,,,,,,,,,,,,
80,55,Sydney,Australia,¿Cómo es el examen del IELTS a computadora?,https://www.facebook.com/groups/colombianosensydneyoficial/permalink/784492061674512/,6-Aug-19,6-Aug-19,,,,,,,,,,,,,,
81,16,Sydney,Australia,¿Qué instituto me pueden recomendar para estudiar para el IELTS?,https://www.facebook.com/groups/colombianosensydneyoficial/permalink/640511986072521/,6-Aug-19,6-Aug-19,,,,,,,,,,,,,,
82,56,Sydney,Australia,¿Cual examen de ingles es más recomendable tomar para irse a estudiar o trabajar en Australia?,https://www.facebook.com/groups/colombianosensydneyoficial/permalink/646670482123338/,6-Aug-19,6-Aug-19,,,,,,,,,,,,,,
83,16,Sydney,Australia,¿Qué profesor me pueden recomendar que se especialice en preparación para el  IELTS?,https://www.facebook.com/groups/colombianosensydneyoficial/permalink/993181624138887/,6-Aug-19,6-Aug-19,,,,,,,,,,,,,,
84,57,Sydney,Australia,¿Cómo puedo lograr la financiación para estudiar un postgrado en Australia?,https://www.facebook.com/groups/colombianosensydneyoficial/permalink/712850145505371/,6-Aug-19,6-Aug-19,,,,,,,,,,,,,,
85,58,Sydney,Australia,¿Donde puedo comprar o prestar libros de preparación para el IETLS?,https://www.facebook.com/groups/colombianosensydneyoficial/permalink/740463256077393/,6-Aug-19,6-Aug-19,,,,,,,,,,,,,,
86,59,Sydney,Australia,¿Puedo cambiarme de colegio sin que afecte la renovación de mi próxima visa?,https://www.facebook.com/groups/colombianosensydneyoficial/permalink/568309673292753/,6-Aug-19,6-Aug-19,,,,,,,,,,,,,,
87,55,Sydney,Australia,¿Cual prueba de inglés es más conveniente tomar PTE Academic or Cambridge C1?,https://www.facebook.com/groups/colombianosensydneyoficial/permalink/944390625684654/,6-Aug-19,6-Aug-19,,,,,,,,,,,,,,
88,60,Sydney,Australia,¿cuanto tiempo en promedio se demora en conseguir un primer trabajo?,https://www.facebook.com/groups/colombianosensydneyoficial/permalink/646605628796490/,6-Aug-19,6-Aug-19,,,,,,,,,,,,,,
89,61,Sydney,Australia,"¿Es posible mantener financieramente a una familia de dos adultos y un niño, con solo una persona que trabaje las 20 horas que te permiten con visa de estudiante?",https://www.facebook.com/groups/colombianosensydneyoficial/permalink/570403636416690/,6-Aug-19,6-Aug-19,,,,,,,,,,,,,,
90,3,Sydney,Australia,¿Qué agencias que cobren económico me pueden recomendar para ir a estudiar inglés a Australia?,https://www.facebook.com/groups/colombianosensydneyoficial/search/?query=ieslts&epa=SEARCH_BOX,6-Aug-19,6-Aug-19,,,,,,,,,,,,,,
91,62,Sydney,Australia,"¿Qué medios de comunicación en español, (periodicos, radio, tv, etc.) hay en Sydney?",https://www.facebook.com/groups/colombianosensydneyoficial/permalink/731957340261318/,6-Aug-19,6-Aug-19,,,,,,,,,,,,,,
92,20,Sydney,Australia,¿Donde hay iglesias cristianas que prediquen en español en Sydney?,https://www.facebook.com/groups/colombianosensydneyoficial/permalink/714486785341707/,6-Aug-19,6-Aug-19,,,,,,,,,,,,,,
93,20,Sydney,Australia,¿Qué iglesias católicas tienen misa en español en Sidney?,https://www.facebook.com/groups/colombianosensydneyoficial/permalink/668835726573480/,6-Aug-19,6-Aug-19,,,,,,,,,,,,,,
94,31,Sydney,Australia,¿Dónde puedo encontrar un médico que hable español?,https://www.facebook.com/groups/colombianosensydneyoficial/permalink/583461585110895/,6-Aug-19,6-Aug-19,,,,,,,,,,,,,,
95,20,Sydney,Australia,¿Qué iglesias tienen misa en español?,https://www.facebook.com/groups/colombianosensydneyoficial/permalink/982708385186211/,6-Aug-19,6-Aug-19,,,,,,,,,,,,,,
96,64,Sydney,Australia,¿Donde puedo encontrar un abogado que hable español?,https://www.facebook.com/groups/colombianosensydneyoficial/permalink/779020238888361/,6-Aug-19,6-Aug-19,,,,,,,,,,,,,,
97,65,Sydney,Australia,¿Qué traductor certificado de español a inglés me pueden recomendar?,https://www.facebook.com/groups/colombianosensydneyoficial/permalink/793010450822673/,6-Aug-19,6-Aug-19,,,,,,,,,,,,,,
98,3,Sydney,Australia,¿Qué agencia con sede en Medellin me pueden recomendar para trámites de visa?,https://www.facebook.com/groups/colombianosensydneyoficial/permalink/1094892887301093/,6-Aug-19,6-Aug-19,,,,,,,,,,,,,,
99,3,Sydney,Australia,¿Qué agencias de asesoría me recomienda para temas de migración Colombia a Australia?,https://www.facebook.com/groups/colombianosensydneyoficial/permalink/793782037412181/,6-Aug-19,6-Aug-19,,,,,,,,,,,,,,
100,66,Sydney,Australia,¿Es importante llevar mi licencia de conducir vigente a Australia?,https://www.facebook.com/groups/colombianosensydneyoficial/permalink/913549392102111/,6-Aug-19,6-Aug-19,,,,,,,,,,,,,,
101,10,Sydney,Australia,¿Donde puedo traducir mi licencia de conducir?,https://www.facebook.com/groups/colombianosensydneyoficial/permalink/1066022140188168/,6-Aug-19,6-Aug-19,,,,,,,,,,,,,,
102,68,Sydney,Australia,¿Es mejor llevar la licencia de moto o tramitar directamente la licencia de conducir australiana?,https://www.facebook.com/groups/colombianosensydneyoficial/permalink/1115410451916003/,6-Aug-19,6-Aug-19,,,,,,,,,,,,,,
103,3,Sydney,Australia,¿Qué agencia me pueden recomendar para extender la visa?,https://www.facebook.com/groups/ColombianosEnSydney/permalink/2670898686253704/,6-Aug-19,6-Aug-19,,,,,,,,,,,,,,
104,69,Sydney,Australia,¿De qué depende que pidan la solvencia económica para la aprobación de la visa estudiantil?,https://www.facebook.com/groups/ColombianosEnSydney/permalink/2415415635135345/,6-Aug-19,6-Aug-19,,,,,,,,,,,,,,
105,3,Sydney,Australia,¿Qué agencia recomiendan para tramitar la Post Graduate Visa 485? ,https://www.facebook.com/groups/ColombianosEnSydney/permalink/2454023841274524/,6-Aug-19,6-Aug-19,,,,,,,,,,,,,,
106,33,Sydney,Australia,¿Cuánto tiempo aproximadamente se tardan en dar la respuesta de aceptación de la visa?,https://www.facebook.com/groups/ColombianosEnSydney/permalink/2625036544173252/,6-Aug-19,6-Aug-19,,,,,,,,,,,,,,
107,33,Sydney,Australia,¿Cuánto es el tiempo de procesamiento de la visa de estudiante una vez se tomados los datos biometricos y exámenes médicos?,https://www.facebook.com/groups/ColombianosEnSydney/permalink/2447760251900883/,6-Aug-19,6-Aug-19,,,,,,,,,,,,,,
108,70,Sydney,Australia,¿Qué tan factible es que te aprueben una visa de trabajo en comparación a una visa de estudiante?,https://www.facebook.com/groups/ColombianosEnSydney/permalink/2201146463228931/,6-Aug-19,6-Aug-19,,,,,,,,,,,,,,
109,71,Sydney,Australia,¿Cuánto es el costo de extender la visa?,https://www.facebook.com/groups/ColombianosEnSydney/permalink/2422155991127976/,6-Aug-19,6-Aug-19,,,,,,,,,,,,,,
110,3,Sydney,Australia,¿Qué agencia me recomiendan para cambiar mi visa de turista a visa de estudiante?,https://www.facebook.com/groups/ColombianosEnSydney/permalink/2189361371074107/,6-Aug-19,6-Aug-19,,,,,,,,,,,,,,
111,23,Sydney,Australia,¿Cómo es el tramite para solicitar la visa para Japón?,https://www.facebook.com/groups/ColombianosEnSydney/permalink/2651045124905727/,6-Aug-19,6-Aug-19,,,,,,,,,,,,,,
112,8,Sydney,Australia,¿Cómo puedo tramitar la visa para EEUU?,https://www.facebook.com/groups/ColombianosEnSydney/permalink/2515079025169005/,6-Aug-19,6-Aug-19,,,,,,,,,,,,,,
113,72,Sydney,Australia,¿Vale la pena pagarle a una agencia para el tramite de la visa o es mejor solicitarla uno mismo por su cuenta?,https://www.facebook.com/groups/ColombianosEnSydney/permalink/1925039670839613/,6-Aug-19,6-Aug-19,,,,,,,,,,,,,,
114,8,Sydney,Australia,¿Es posible solicitar la visa americana desde Australia?,https://www.facebook.com/groups/ColombianosEnSydney/permalink/2364180483592194/,6-Aug-19,6-Aug-19,,,,,,,,,,,,,,
115,1,Sydney,Australia,¿Necesito visa para hacer escala en Nueva Zelanda?,https://www.facebook.com/groups/ColombianosEnSydney/permalink/2375323772477865/,6-Aug-19,6-Aug-19,,,,,,,,,,,,,,
116,8,Sydney,Australia,¿Que agencia o asesor me recomiendan para tramitar la visa americana?,https://www.facebook.com/groups/ColombianosEnSydney/permalink/2614253441918229/,6-Aug-19,6-Aug-19,,,,,,,,,,,,,,
117,73,Sydney,Australia,¿Cuanto cuesta el año escolar para un niño cuyos padres tengan visa de estudiante?,https://www.facebook.com/groups/ColombianosEnSydney/permalink/2243341362342774/,6-Aug-19,6-Aug-19,,,,,,,,,,,,,,
118,3,Sydney,Australia,¿Qué agente migratorio me recomiendan para tramites de visa?,https://www.facebook.com/groups/ColombianosEnSydney/permalink/2298483116828598/,6-Aug-19,6-Aug-19,,,,,,,,,,,,,,
119,74,Sydney,Australia,¿Se requiere visa para hacer escala en Canada?,https://www.facebook.com/groups/ColombianosEnSydney/permalink/2519298841413690/,6-Aug-19,6-Aug-19,,,,,,,,,,,,,,
120,3,Sydney,Australia,¿Que abogado me recomiendan para tramite de visa de familia y estudiante?,https://www.facebook.com/groups/ColombianosEnSydney/permalink/2535877886422452/,6-Aug-19,6-Aug-19,,,,,,,,,,,,,,
121,3,Sydney,Australia,¿Que agencia me pueden recomendar para tramite la visa de estudiante?,https://www.facebook.com/groups/ColombianosEnSydney/permalink/2195783030431941/,6-Aug-19,6-Aug-19,,,,,,,,,,,,,,
122,75,Sydney,Australia,¿Cuánto tiempo se tardan en aporbar la visa para Nueva Zelanda?,https://www.facebook.com/groups/ColombianosEnSydney/permalink/2066864896657089/,6-Aug-19,6-Aug-19,,,,,,,,,,,,,,
123,76,Sydney,Australia,¿Como puedo tramitar visa de turista para un familiar?,https://www.facebook.com/groups/ColombianosEnSydney/permalink/2115150758495169/,6-Aug-19,6-Aug-19,,,,,,,,,,,,,,
124,77,Sydney,Australia,¿Puedo hacer una carta de invitacion a alguien teniendo visa de estudiante?,https://www.facebook.com/groups/ColombianosEnSydney/permalink/1902918053051775/?sale_post_id=1902918053051775,6-Aug-19,6-Aug-19,,,,,,,,,,,,,,
125,78,Sydney,Australia,¿Puedo hacer escala en los aeropuertos de EEUU sin tener la visa americana?,https://www.facebook.com/groups/ColombianosEnSydney/permalink/1110482865628635/,6-Aug-19,6-Aug-19,,,,,,,,,,,,,,
126,16,Sydney,Australia,¿Qué escuela me recomiendan para estudiar ingles en Sydney?,https://www.facebook.com/groups/ColombianosEnSydney/permalink/1532834310060153/,6-Aug-19,6-Aug-19,,,,,,,,,,,,,,
127,3,Sydney,Australia,"Si voy a Australia a estudiar inglés, ¿es mejor contactar directamente con una escuela o con una agencia?",https://www.facebook.com/groups/ColombianosEnSydney/permalink/2406176672725908/,6-Aug-19,6-Aug-19,,,,,,,,,,,,,,
128,3,Sydney,Australia,¿Que agencias me pueden recomendar para irme a Sydney?,https://www.facebook.com/groups/ColombianosEnSydney/permalink/2657842107559362/,6-Aug-19,6-Aug-19,,,,,,,,,,,,,,
129,3,Sydney,Australia,¿Como hago para viajar a Australia a estudiar y que me acepten la visa?,https://www.facebook.com/groups/ColombianosEnSydney/permalink/1677812795562303/,6-Aug-19,6-Aug-19,,,,,,,,,,,,,,
130,16,Sydney,Australia,¿Qué escuela economica y buena me pueden recomendar para estudiar inglés?,https://www.facebook.com/groups/ColombianosEnSydney/permalink/982185688458354/,6-Aug-19,6-Aug-19,,,,,,,,,,,,,,
131,64,Sydney,Australia,¿Donde puedo encontrar un abogado que hable español?,https://www.facebook.com/groups/ColombianosEnSydney/permalink/2428909193785989/,6-Aug-19,6-Aug-19,,,,,,,,,,,,,,
132,31,Sydney,Australia,¿En qué clínica puedo encontrar un doctor o doctora que hable español?,https://www.facebook.com/groups/ColombianosEnSydney/permalink/2598304816846425/,6-Aug-19,6-Aug-19,,,,,,,,,,,,,,
133,47,Sydney,Australia,¿Qué iglesia me pueden recomendar que tenga servicio en español?,https://www.facebook.com/groups/ColombianosEnSydney/permalink/2249631118380465/,6-Aug-19,6-Aug-19,,,,,,,,,,,,,,
134,31,Sydney,Australia,¿Que abogado que hable español me pueden recomendar en Sydney?,https://www.facebook.com/groups/ColombianosEnSydney/permalink/2657460627597510/,6-Aug-19,6-Aug-19,,,,,,,,,,,,,,
135,31,Sydney,Australia,¿Que doctora que hable español me pueden recomendar?,https://www.facebook.com/groups/ColombianosEnSydney/permalink/2298786080131635/,6-Aug-19,6-Aug-19,,,,,,,,,,,,,,
136,80,Sydney,Australia,¿Qué sitio para rumbear me pueden recomendar que coloquen musica tanto en español como en inglés?,https://www.facebook.com/groups/ColombianosEnSydney/permalink/2174909709185940/,6-Aug-19,6-Aug-19,,,,,,,,,,,,,,
137,3,Sydney,Australia,¿Que agente migratorio que hable español me pueden recomendar en Sydney?,https://www.facebook.com/groups/ColombianosEnSydney/permalink/2262415153768728/,6-Aug-19,6-Aug-19,,,,,,,,,,,,,,
138,3,Sydney,Australia,¿Qué agente aduanero que hable español me pueden recomendar?,https://www.facebook.com/groups/ColombianosEnSydney/permalink/2139568249386753/,6-Aug-19,6-Aug-19,,,,,,,,,,,,,,
139,47,Sydney,Australia,¿En donde consigo un padre que hable español?,https://www.facebook.com/groups/ColombianosEnSydney/permalink/1049826945027561/,6-Aug-19,6-Aug-19,,,,,,,,,,,,,,
140,6,Sydney,Australia,¿Donde puedo conseguir boletos aereos económicos?,https://www.facebook.com/groups/ColombianosEnSydney/permalink/2657259364284303/,6-Aug-19,6-Aug-19,,,,,,,,,,,,,,
141,6,Sydney,Australia,¿En que lugar puedo comprar los boletos aéreos al menor precio?,https://www.facebook.com/groups/ColombianosEnSydney/permalink/2286058814737695/,6-Aug-19,6-Aug-19,,,,,,,,,,,,,,
142,81,Sydney,Australia, ¿Como puedo tramitar la licencia en Australia si nunca tuve licencia en Colombia?,https://www.facebook.com/groups/ColombianosEnSydney/permalink/2675380525805520/,6-Aug-19,6-Aug-19,,,,,,,,,,,,,,
143,82,Sydney,Australia,¿Como se obtiene el ABN y que costo tiene?,https://www.facebook.com/groups/ColombianosEnSydney/permalink/2432020053474903/,6-Aug-19,6-Aug-19,,,,,,,,,,,,,,
144,8,Sydney,Australia,¿Como es el procedimiento para solicitar la visa americana desde Australia?,https://www.facebook.com/groups/ColombianosEnSydney/permalink/1536028403074077/?sale_post_id=1536028403074077,6-Aug-19,6-Aug-19,,,,,,,,,,,,,,
145,83,Sydney,Australia,¿Qué opciones hay para el envio de maletas a otra ciudad que sea más económico que pagar equipaje extra en el aeropuerto?,https://www.facebook.com/groups/ColombianosEnSydney/permalink/2539354846074756/,6-Aug-19,6-Aug-19,,,,,,,,,,,,,,
146,82,Sydney,Australia,¿Puedo solicitar el ABN si ya tengo el TFN en proceso pero no me ha llegado?,https://www.facebook.com/groups/ColombianosEnSydney/permalink/2435667573110151/,6-Aug-19,6-Aug-19,,,,,,,,,,,,,,
147,84,Sydney,Australia,¿Puedo entrar a Australia con visa de estudiante aprobada teniendo el seguro médico con fecha posterior a mi llegada?,https://www.facebook.com/groups/ColombianosEnSydney/permalink/2419451971398378/,6-Aug-19,6-Aug-19,,,,,,,,,,,,,,
148,85,Sydney,Australia,¿Es normal que me retengan más del 25% del salario en TFN?,https://www.facebook.com/groups/ColombianosEnSydney/permalink/1752135681463347/,6-Aug-19,6-Aug-19,,,,,,,,,,,,,,
149,86,Sydney,Australia,¿Es más conveniente llevar ropa de Colombia o comprarla en Australia?,https://www.facebook.com/groups/ColombianosEnSydney/permalink/2118413918168853/,6-Aug-19,6-Aug-19,,,,,,,,,,,,,,
150,87,Sydney,Australia,¿Donde me puedo inscribir para poder votar en las elecciones presidenciales de Colombia?,https://www.facebook.com/groups/ColombianosEnSydney/permalink/1910546588955588/,6-Aug-19,6-Aug-19,,,,,,,,,,,,,,
151,18,Sydney,Australia,¿Donde puedo denunciar a un empleador que no quiere pagarme?,https://www.facebook.com/groups/ColombianosEnSydney/permalink/2236424326367811/,6-Aug-19,6-Aug-19,,,,,,,,,,,,,,
152,88,Sydney,Australia,¿Como hago para ir a Australia a estudiar y trabajar?,https://www.facebook.com/groups/ColombianosEnSydney/permalink/2370786356264940/,6-Aug-19,6-Aug-19,,,,,,,,,,,,,,
153,89,Sydney,Australia,¿Que es un blue slip y que implica?,https://www.facebook.com/groups/ColombianosEnSydney/permalink/1496313193712265/,6-Aug-19,6-Aug-19,,,,,,,,,,,,,,
154,90,Sydney,Australia,¿Qué tal es la calidad de los productos de Wish y cuanto tiempo tardan en llegar?,https://www.facebook.com/groups/ColombianosEnSydney/permalink/1958371260839787/?sale_post_id=1958371260839787,6-Aug-19,6-Aug-19,,,,,,,,,,,,,,
155,10,Sydney,Australia,¿Donde puedo traducir mi licencia de conducir?,https://www.facebook.com/groups/ColombianosEnSydney/permalink/1920174221326158/?sale_post_id=1920174221326158,6-Aug-19,6-Aug-19,,,,,,,,,,,,,,
156,91,Sydney,Australia,¿Por que empresa puedo enviar un paquete a Colombia?,https://www.facebook.com/groups/ColombianosEnSydney/permalink/1877274958949418/?sale_post_id=1877274958949418,6-Aug-19,6-Aug-19,,,,,,,,,,,,,,
157,10,Sydney,Australia,¿Donde puedo hacer la traducción de mi licencia de conducción?,https://www.facebook.com/groups/ColombianosEnSydney/permalink/2432802536729988/,6-Aug-19,6-Aug-19,,,,,,,,,,,,,,
158,92,Sydney,Australia,¿Donde puedo sacar la white card?,https://www.facebook.com/groups/ColombianosEnSydney/permalink/2257291744281069/,6-Aug-19,6-Aug-19,,,,,,,,,,,,,,
159,92,Sydney,Australia,¿Donde puedo hacer el RSA?,https://www.facebook.com/groups/ColombianosEnSydney/permalink/2377331462277096/,6-Aug-19,6-Aug-19,,,,,,,,,,,,,,
160,94,Sydney,Australia,¿En que sitio web puedo practicar inglés?,https://www.facebook.com/groups/ColombianosEnSydney/permalink/2464585763551665/,6-Aug-19,6-Aug-19,,,,,,,,,,,,,,
161,95,Sydney,Australia,¿Que restaurantes donde vendan comida colombiana me recomiendan?,https://www.facebook.com/groups/ColombianosEnSydney/permalink/2526112624065645/,6-Aug-19,6-Aug-19,,,,,,,,,,,,,,
162,96,Sydney,Australia,¿Donde puedo conseguir platanos en Sydney?,https://www.facebook.com/groups/ColombianosEnSydney/permalink/2583315791678661/,6-Aug-19,6-Aug-19,,,,,,,,,,,,,,
163,92,Sydney,Australia,¿Donde puedo sacar la White card en Sydney?,https://www.facebook.com/groups/ColombianosEnSydney/permalink/2126853280658250/,6-Aug-19,6-Aug-19,,,,,,,,,,,,,,
164,97,Sydney,Australia,¿Donde puedo comprar harina de maiz en Sydney?,https://www.facebook.com/groups/ColombianosEnSydney/permalink/2261645313845712/,6-Aug-19,6-Aug-19,,,,,,,,,,,,,,
165,98,Sydney,Australia,¿Donde puedo encontrar lentes de contacto o gafas económico?,https://www.facebook.com/groups/ColombianosEnSydney/permalink/2391675364176039/,6-Aug-19,6-Aug-19,,,,,,,,,,,,,,
166,92,Sydney,Australia,¿Hay alguna pagina web donde pueda obtener el RSA online estando con visa de estudiante?,https://www.facebook.com/groups/ColombianosEnSydney/permalink/2276517152358528/,6-Aug-19,6-Aug-19,,,,,,,,,,,,,,
167,100,Sydney,Australia,¿Donde se pueden comprar arepas por la city?,https://www.facebook.com/groups/ColombianosEnSydney/permalink/2377451385598437/,6-Aug-19,6-Aug-19,,,,,,,,,,,,,,
168,101,Sydney,Australia,¿Cuál es el mejor barrio para vivir en Sydney?.,https://www.facebook.com/groups/ColombianosEnSydney/permalink/2349998228343753/,6-Aug-19,6-Aug-19,,,,,,,,,,,,,,
169,3,Sydney,Australia,¿Qué agencia me puede recomendar para ir a hacer una maestría a Australia?,https://www.facebook.com/groups/ColombianosEnSydney/permalink/2259580367385540/,6-Aug-19,6-Aug-19,,,,,,,,,,,,,,
170,102,Sydney,Australia,¿Es cierto que diciembre es una mala epoca para llegar a Australia por ser de vacaciones?,https://www.facebook.com/groups/ColombianosEnSydney/permalink/2217399334936977/,6-Aug-19,6-Aug-19,,,,,,,,,,,,,,
171,103,Sydney,Australia,¿Cual es el turno más conveniente para estudiar?,https://www.facebook.com/groups/ColombianosEnSydney/permalink/2191743114169266/,6-Aug-19,6-Aug-19,,,,,,,,,,,,,,
172,104,Sydney,Australia,¿Qué agencia o contacto me pueden recomendar para conseguir trabajo en Australia?,https://www.facebook.com/groups/ColombianosEnSydney/permalink/2454053354604906/,6-Aug-19,6-Aug-19,,,,,,,,,,,,,,
173,92,Sydney,Australia,¿Qué sitio me pueden recomendar para hacer el curso de RSA?,https://www.facebook.com/groups/ColombianosEnSydney/permalink/2655410604469179/,6-Aug-19,6-Aug-19,,,,,,,,,,,,,,
174,105,Sydney,Australia,¿Es fácil cambiar doláres americanos por dolares australianos en Sydney?,https://www.facebook.com/groups/ColombianosEnSydney/permalink/2621956487814591/,6-Aug-19,6-Aug-19,,,,,,,,,,,,,,
175,106,Sydney,Australia,¿Puedo volver a entrar al país a los dos días de haber salido si ya estuve por 3 meses y tengo visa de turista?,https://www.facebook.com/groups/colombianosensydneyoficial/permalink/1016152621841787/,6-Aug-19,6-Aug-19,,,,,,,,,,,,,,
176,10,Sydney,Australia,¿Cuáles son los pasos para transferir la licencia colombiana de motocicleta a una en NSW? ,https://www.facebook.com/groups/colombianosensydneyoficial/permalink/1088473307943051/?sale_post_id=1088473307943051,6-Aug-19,6-Aug-19,,,,,,,,,,,,,,
177,1,Sydney,Australia,¿Puedo hacer escala en Nueva Zelanda si solo tengo la visa australiana?,https://www.facebook.com/groups/colombianosensydneyoficial/permalink/921400294650354/?sale_post_id=921400294650354,6-Aug-19,6-Aug-19,,,,,,,,,,,,,,
178,108,Sydney,Australia,¿Se necesita visa para salir de el aeropuerto de Dubai?,https://www.facebook.com/groups/colombianosensydneyoficial/permalink/995072357283147/,6-Aug-19,6-Aug-19,,,,,,,,,,,,,,
179,109,Sydney,Australia,¿Como son las posibilidades de conseguir trabajo como barista en Australia?,https://www.facebook.com/groups/colombianosensydneyoficial/permalink/1148615878595460/,6-Aug-19,6-Aug-19,,,,,,,,,,,,,,
180,110,Sydney,Australia,¿Cual es el supermercado más económico en Sydney?,https://www.facebook.com/groups/colombianosensydneyoficial/permalink/1017088038414912/,6-Aug-19,6-Aug-19,,,,,,,,,,,,,,
181,111,Sydney,Australia,¿Cómo puedo pagar el tax return por cuotas?,https://www.facebook.com/groups/colombianosensydneyoficial/permalink/715698408553878/,6-Aug-19,6-Aug-19,,,,,,,,,,,,,,
182,112,Sydney,Australia,¿Es necesario tener la libreta militar para ir a colombia si tengo ciuidadania australiana?,https://www.facebook.com/groups/colombianosensydneyoficial/permalink/810099449113773/,6-Aug-19,6-Aug-19,,,,,,,,,,,,,,
183,113,Sydney,Australia,¿Puedo utilizar el ABN con visa de turista ?,https://www.facebook.com/groups/colombianosensydneyoficial/permalink/727834400673612/,6-Aug-19,6-Aug-19,,,,,,,,,,,,,,
184,2,Sydney,Australia,¿Cuanto cuesta y cuanto se demora la visa de turista a Nueva Zelanda?,https://www.facebook.com/groups/colombianosensydneyoficial/permalink/1136697913120590/,6-Aug-19,6-Aug-19,,,,,,,,,,,,,,
185,115,Sydney,Australia,¿Es mejor llevar pesos colombianos y cambiarlos en Australia o cambiar todo en Colombia a dolar australiano?,https://www.facebook.com/groups/colombianosensydneyoficial/permalink/851867464936971/,6-Aug-19,6-Aug-19,,,,,,,,,,,,,,
186,82,Sydney,Australia,¿Se puede pedir el ABN si ya tengo el TFN en proceso pero no me ha llegado?,https://www.facebook.com/groups/colombianosensydneyoficial/permalink/787556841368034/,6-Aug-19,6-Aug-19,,,,,,,,,,,,,,
187,117,Sydney,Australia,¿Los colombianos necesitamos visa para Indonesia?,https://www.facebook.com/groups/colombianosensydneyoficial/permalink/696373843819668/,6-Aug-19,6-Aug-19,,,,,,,,,,,,,,
188,118,Sydney,Australia,¿Por cual método puedo enviar dinero de Colombia a Australia?,https://www.facebook.com/groups/colombianosensydneyoficial/permalink/1065080076949041/,6-Aug-19,6-Aug-19,,,,,,,,,,,,,,
189,119,Sydney,Australia,¿Qué compañía de telefonía recomiendan con minutos a celular en Colombia?,https://www.facebook.com/groups/colombianosensydneyoficial/permalink/1070498073073908/,6-Aug-19,6-Aug-19,,,,,,,,,,,,,,
190,120,Sydney,Australia,¿Es obligatorio tramitarle a mi hijo el permiso de salida del país si viaja solo con la mamá a Europa?,https://www.facebook.com/groups/colombianosensydneyoficial/permalink/1170295283094186/,6-Aug-19,6-Aug-19,,,,,,,,,,,,,,
191,121,Sydney,Australia,¿Que debo colocar en el formulario del Tax File Number cuando pregunta que si soy o no residente australiano?,https://www.facebook.com/groups/colombianosensydneyoficial/permalink/885173538273030/,6-Aug-19,6-Aug-19,,,,,,,,,,,,,,
192,122,Sydney,Australia,¿Se puede llevar esmalte para uñas en la maleta si viajo por avión?,https://www.facebook.com/groups/colombianosensydneyoficial/permalink/1012137012243348/,6-Aug-19,6-Aug-19,,,,,,,,,,,,,,
193,123,Sydney,Australia,¿Es posible llevar una longboard en el avión sino me cabe en la maleta?,https://www.facebook.com/groups/colombianosensydneyoficial/permalink/1083998308390551/,6-Aug-19,6-Aug-19,,,,,,,,,,,,,,
194,124,Sydney,Australia,¿La licencia de conducir europea de coche y autobus sirven para manejar en Australia?,https://www.facebook.com/groups/colombianosensydneyoficial/permalink/791496637640721/,6-Aug-19,6-Aug-19,,,,,,,,,,,,,,
195,125,Sydney,Australia,¿Puedo entrar a Colombia con el pasaporte australiano si tengo el colombiano vencido?,https://www.facebook.com/groups/colombianosensydneyoficial/permalink/726610094129376/,6-Aug-19,6-Aug-19,,,,,,,,,,,,,,
196,126,Sydney,Australia,¿Cuanto es el costo del transporte publico en Sydney?,https://www.facebook.com/groups/colombianosensydneyoficial/permalink/668270366630016/,6-Aug-19,6-Aug-19,,,,,,,,,,,,,,
197,127,Sydney,Australia,¿Cual es el proceso para para sacar la licencia de conducir de moto después de haberse registrado en la pagina myserviceNSW?,https://www.facebook.com/groups/colombianosensydneyoficial/permalink/621983254592061/,6-Aug-19,6-Aug-19,,,,,,,,,,,,,,
198,128,Sydney,Australia,¿En que sitio puedo conseguir tamales?,https://www.facebook.com/groups/colombianosensydneyoficial/permalink/691313734325679/,6-Aug-19,6-Aug-19,,,,,,,,,,,,,,
199,129,Sydney,Australia,¿Como se saca el police check?,https://www.facebook.com/groups/colombianosensydneyoficial/permalink/751928561597529/,6-Aug-19,6-Aug-19,,,,,,,,,,,,,,
200,130,Sydney,Australia,¿Que centros comerciales tienen oulets en Sydney?,https://www.facebook.com/groups/colombianosensydneyoficial/permalink/1126122780844770/,6-Aug-19,6-Aug-19,,,,,,,,,,,,,,
201,131,Sydney,Australia,¿Donde puedo encontrar isodine o algún producto parecido?,https://www.facebook.com/groups/colombianosensydneyoficial/permalink/1179360418854339/,6-Aug-19,6-Aug-19,,,,,,,,,,,,,,
202,132,Sydney,Australia,¿Que examenes medicos necesito para tramitar working holiday?,https://www.facebook.com/groups/colombianosensydneyoficial/permalink/1178988362224878/,6-Aug-19,6-Aug-19,,,,,,,,,,,,,,
203,133,Sydney,Australia,¿Donde puedo comprar Libros en idioma Español?,https://www.facebook.com/groups/colombianosensydneyoficial/permalink/1181124682011246/,6-Aug-19,6-Aug-19,,,,,,,,,,,,,,
204,8,Sydney,Australia,¿Puedo solicitar visa americana desde sydney siendo colombiana?,https://www.facebook.com/groups/colombianosensydneyoficial/permalink/1180134952110219/,6-Aug-19,6-Aug-19,,,,,,,,,,,,,,
205,134,Melbourne,Australia,¿Cuales son los errores mas comunes al momento de aplicar a una visa de turista en Australia?,https://www.facebook.com/groups/colombianosenmelbourneaustralia/permalink/10157362586729512/,6-Aug-19,6-Aug-19,,,,,,,,,,,,,,
206,135,Unknown,Australia,¿Cuanto se demora la visa de turista Australiana en ser aprobada?,BLANK,6-Aug-19,6-Aug-19,,,,,,,,,,,,,,
207,136,Melbourne,Australia,¿Por cual cajero automatico puedo retirar dinero de mi cuenta de Bancolombia en Colombia?,https://www.facebook.com/groups/colombianosenmelbourne/permalink/902612070075108/,6-Aug-19,6-Aug-19,,,,,,,,,,,,,,
208,137,Melbourne,Australia,¿Cual es un buen seguro para vehiculo?,https://www.facebook.com/groups/colombianosenmelbourneaustralia/permalink/10157360157609512/,6-Aug-19,6-Aug-19,,,,,,,,,,,,,,
209,138,Melbourne,Australia,¿Donde puedo encontrar un natario que hable Español?,https://www.facebook.com/groups/colombianosenmelbourne/permalink/902058613463787/,6-Aug-19,6-Aug-19,,,,,,,,,,,,,,
210,139,Melbourne,Australia,¿Cuál es el mejor método para desplazarse en la ciudad?,https://www.facebook.com/groups/colombianosenmelbourne/permalink/901796673489981/?sale_post_id=901796673489981&rt=11,6-Aug-19,6-Aug-19,,,,,,,,,,,,,,
211,140,Melbourne,Australia,¿Qué zona de la ciudad me recomiendan para buscar habitación que me permita acceso fácil a la zona comercial y/o centro?,https://www.facebook.com/groups/colombianosenmelbourne/permalink/901796673489981/?sale_post_id=901796673489981&rt=11,6-Aug-19,6-Aug-19,,,,,,,,,,,,,,
212,141,Melbourne,Australia,¿Que tan dificil es conseguir trabajo?,https://www.facebook.com/groups/colombianosenmelbourne/permalink/901796673489981/?sale_post_id=901796673489981&rt=11,6-Aug-19,6-Aug-19,,,,,,,,,,,,,,
213,142,Sydney,Australia,¿Donde puedo ir a conocer canguros y koalas?,https://www.facebook.com/groups/ColombianosenSydAus/permalink/10157217634208444/,6-Aug-19,6-Aug-19,,,,,,,,,,,,,,
214,143,Melbourne,Australia,¿Donde puedo mirar y comprar una bicicleta electrica?,https://www.facebook.com/groups/colombianosenmelbourne/permalink/899809390355376/,6-Aug-19,6-Aug-19,,,,,,,,,,,,,,
215,49,Unknown,Australia,¿Cual es el tramite para la visa de China?,https://www.facebook.com/groups/672994886464665/permalink/709545449476275/,6-Aug-19,6-Aug-19,,,,,,,,,,,,,,
216,49,Unknown,Australia,¿Podria tramitar la visa de transito en el aeropuerto de China?,https://www.facebook.com/groups/672994886464665/permalink/709262589504561/,6-Aug-19,6-Aug-19,,,,,,,,,,,,,,
217,6,Melbourne,Australia,¿Dónde encontrar tiquetes Cali - Melbourne a precio razonable?,https://www.facebook.com/groups/477322262316095/permalink/2278079418907028/,6-Aug-19,6-Aug-19,,,,,,,,,,,,,,
218,144,Melbourne,Australia,¿Qué articulos o cosas fundamentales llevar en el equipaje de mano?,https://www.facebook.com/groups/477322262316095/permalink/2278079418907028/,6-Aug-19,6-Aug-19,,,,,,,,,,,,,,
219,145,Melbourne,Australia,¿Con cuanto dinero en efectivo es recomendable viajar o es mejor llevar la tarjeta para retirar en los cajeros?,https://www.facebook.com/groups/477322262316095/permalink/2278079418907028/,6-Aug-19,6-Aug-19,,,,,,,,,,,,,,
220,146,Melbourne,Australia,"¿Como puedo acceder a la medicina prepagada en Colombia, si resido en el exterior?",https://www.facebook.com/groups/colombianosenmelbourneaustralia/permalink/10157340694194512/,6-Aug-19,6-Aug-19,,,,,,,,,,,,,,
221,147,Melbourne,Australia,¿Donde puedo comprar productos Colombianos?,https://www.facebook.com/groups/colombianosenmelbourneaustralia/permalink/10157340434054512/,6-Aug-19,6-Aug-19,,,,,,,,,,,,,,
222,148,Melbourne,Australia,¿Como puedo comparar los costos de vida de las diferentes ciudades de Australia?,https://www.facebook.com/groups/colombianosenmelbourne/permalink/896149634054685/,6-Aug-19,6-Aug-19,,,,,,,,,,,,,,
223,149,Unknown,Australia,¿Que productos estan prohibidos llevar a Australia?,BLANK,6-Aug-19,6-Aug-19,,,,,,,,,,,,,,
224,28,Melbourne,Australia,¿Donde puedo encontrar vestidos formales para ocasiones especiales que sean lindos y juveniles?,https://www.facebook.com/groups/colombianosenmelbourneaustralia/permalink/10157324100239512/,6-Aug-19,6-Aug-19,,,,,,,,,,,,,,
225,151,Melbourne,Australia,¿A que lugares recreacionales puedo llevar a ninos menores de 10 anos?,https://www.facebook.com/groups/colombianosenmelbourneaustralia/permalink/10157310580684512/,6-Aug-19,6-Aug-19,,,,,,,,,,,,,,
226,152,Melbourne,Australia,¿Donde puedo ir a tomar classes de guitarra?,https://www.facebook.com/groups/colombianosenmelbourneaustralia/permalink/10157310836099512/,6-Aug-19,6-Aug-19,,,,,,,,,,,,,,
227,152,Melbourne,Australia,¿Donde puedo tomar clases de tecnica vocal?,https://www.facebook.com/groups/colombianosenmelbourneaustralia/permalink/10157310836099512/,6-Aug-19,6-Aug-19,,,,,,,,,,,,,,
228,154,Melbourne,Australia,¿Como puedo sacar la licencia de conducir en Melbourne?,https://www.facebook.com/groups/colombianosenmelbourneaustralia/permalink/10157310235229512/,6-Aug-19,6-Aug-19,,,,,,,,,,,,,,
229,155,Melbourne,Australia,¿Donde hay cinemas con funcions economicas?,https://www.facebook.com/groups/colombianosenmelbourneaustralia/permalink/10157292003644512/,6-Aug-19,6-Aug-19,,,,,,,,,,,,,,
230,156,Melbourne,Australia,¿Donde puedo a recortar el pulso de un reloj?,https://www.facebook.com/groups/colombianosenmelbourneaustralia/permalink/10157303104349512/,6-Aug-19,6-Aug-19,,,,,,,,,,,,,,
231,117,Brisbane,Australia,¿Como puedo aplicar a la visa para Bali?,https://www.facebook.com/groups/colombianosenbrsibanenooficial/permalink/10162078859865296/,6-Aug-19,6-Aug-19,,,,,,,,,,,,,,
232,157,Melbourne,Australia,¿Donde puedo comprar Aguardiente?,https://www.facebook.com/groups/colombianosenmelbourneaustralia/permalink/10157300436329512/,6-Aug-19,6-Aug-19,,,,,,,,,,,,,,
233,157,Unknown,Australia,¿Donde puedo encontrar un restaurante Colombiano?,BLANK,6-Aug-19,6-Aug-19,,,,,,,,,,,,,,
234,159,Melbourne,Australia,¿Como puedo sacar la cedula Colombiana en Melbourne?,https://www.facebook.com/groups/colombianosenmelbourneaustralia/permalink/10157302197524512/,6-Aug-19,6-Aug-19,,,,,,,,,,,,,,
235,160,Melbourne,Australia,¿Donde puedo comprar mazorca dulce?,https://www.facebook.com/groups/colombianosenmelbourneaustralia/permalink/10157295447919512/,6-Aug-19,6-Aug-19,,,,,,,,,,,,,,
236,161,Melbourne,Australia,"¿Puedo salir del aeropuerto de Chile, si tengo escala?",https://www.facebook.com/groups/colombianosenmelbourne/permalink/882938952042420/,6-Aug-19,6-Aug-19,,,,,,,,,,,,,,
237,25,Melbourne,Australia,¿Donde me pueden ayudar con el Super annuation?,https://www.facebook.com/groups/colombianosenmelbourneaustralia/permalink/10157262147829512/,6-Aug-19,6-Aug-19,,,,,,,,,,,,,,
238,162,Melbourne,Australia,¿Que pasa con el bono que pago cuando voy a arrendar una habitacion?,https://www.facebook.com/groups/colombianosenmelbourneaustralia/permalink/10157255522994512/,6-Aug-19,6-Aug-19,,,,,,,,,,,,,,
239,163,Melbourne,Australia,¿Es mejor llevar dolares americanos a Australia o sacar por cajero automatico de una cuenta de Colombia?,https://www.facebook.com/groups/colombianosenmelbourne/permalink/845782219091427/,6-Aug-19,6-Aug-19,,,,,,,,,,,,,,
240,157,Melbourne,Australia,¿Donde puedo encontrar un restaurante Peruano?,https://www.facebook.com/groups/477322262316095/permalink/2123667561014882/?sale_post_id=2123667561014882&rt=11,6-Aug-19,6-Aug-19,,,,,,,,,,,,,,
241,157,Melbourne,Australia,¿Donde puedo encontrar un restaurante Mexicano?,https://www.facebook.com/groups/477322262316095/permalink/2123667561014882/?sale_post_id=2123667561014882&rt=11,6-Aug-19,6-Aug-19,,,,,,,,,,,,,,
242,166,Melbourne,Australia,¿Donde puedo comprar platanos verdes?,https://www.facebook.com/groups/colombianosenmelbourne/permalink/820802978256018/?sale_post_id=820802978256018,6-Aug-19,6-Aug-19,,,,,,,,,,,,,,
243,167,Melbourne,Australia,¿Donde puedo obtener y cuanto cuesta el RWC?,https://www.facebook.com/groups/colombianosenmelbourne/permalink/820025885000394/,6-Aug-19,6-Aug-19,,,,,,,,,,,,,,
244,168,Melbourne,Australia,¿Donde puedo encontrar un doctor que hable español?,https://www.facebook.com/groups/colombianosenmelbourne/permalink/820038688332447/,6-Aug-19,6-Aug-19,,,,,,,,,,,,,,
245,168,Melbourne,Australia,¿Es posible trabajar si mi visa actual ya se vencio y estoy a la espera de la siguiente visa?,https://www.facebook.com/groups/colombianosenmelbourneaustralia/permalink/10157038343304512/,6-Aug-19,6-Aug-19,,,,,,,,,,,,,,
246,170,Melbourne,Australia,"¿Podria sacar mi licencia de conduccion en el consulado de Colombia, si se me pierde en Australia?",https://www.facebook.com/groups/colombianosenmelbourne/permalink/814346432235006/,6-Aug-19,6-Aug-19,,,,,,,,,,,,,,
247,92,Melbourne,Australia,¿Donde puedo obtener el White Card?,https://www.facebook.com/groups/colombianosenmelbourne/permalink/811587945844188/?sale_post_id=811587945844188,6-Aug-19,6-Aug-19,,,,,,,,,,,,,,
248,172,Melbourne,Australia,¿Como hago para ir or salir del aeropuerto de Avalon desde la ciudad?,https://www.facebook.com/groups/colombianosenmelbourne/permalink/812171475785835/,6-Aug-19,6-Aug-19,,,,,,,,,,,,,,
249,173,Unknown,Australia,¿Como hago para ir or salir del aeropuerto de Tullamarine desde la ciudad?,BLANK,6-Aug-19,6-Aug-19,,,,,,,,,,,,,,
250,174,Melbourne,Australia,¿Donde me puedo cortar el cabello?,https://www.facebook.com/groups/colombianosenmelbourne/permalink/808633222806327/,6-Aug-19,6-Aug-19,,,,,,,,,,,,,,
251,175,Melbourne,Australia,¿Donde puedo arreglar el cargador de mi computador?,https://www.facebook.com/groups/colombianosenmelbourne/permalink/804423156560667/?sale_post_id=804423156560667,6-Aug-19,6-Aug-19,,,,,,,,,,,,,,
252,152,Melbourne,Australia,¿Donde puedo arreglar mi lavadora?,https://www.facebook.com/groups/colombianosenmelbourne/permalink/806920876310895/?sale_post_id=806920876310895,6-Aug-19,6-Aug-19,,,,,,,,,,,,,,
253,174,Melbourne,Australia,¿Donde puedo comprar medias de compresion?,https://www.facebook.com/groups/colombianosenmelbourne/permalink/806171836385799/?sale_post_id=806171836385799,6-Aug-19,6-Aug-19,,,,,,,,,,,,,,
254,174,Melbourne,Australia,¿Donde encuentro una empresa de turismo en Español?,https://www.facebook.com/groups/colombianosenmelbourne/permalink/805143083155341/,6-Aug-19,6-Aug-19,,,,,,,,,,,,,,
255,152,Melbourne,Australia,¿Donde puedo conseguir a alguien que me ayude con una mudanza?,https://www.facebook.com/groups/colombianosenmelbourneaustralia/permalink/10156981769224512/,6-Aug-19,6-Aug-19,,,,,,,,,,,,,,
256,28,Melbourne,Australia,¿Donde puedo encontrar vestidos de baño baratos?,https://www.facebook.com/groups/colombianosenmelbourneaustralia/permalink/10156981228634512/,6-Aug-19,6-Aug-19,,,,,,,,,,,,,,
257,181,Melbourne,Australia,¿Como puedo cambiar de vehiculo en Uber Eats or Deliveroo?,https://www.facebook.com/groups/colombianosenmelbourneaustralia/permalink/10156983567799512/,6-Aug-19,6-Aug-19,,,,,,,,,,,,,,
258,136,Melbourne,Australia,¿Cuanto me cobran por sacar dinero de una cuenta en Colombia de un cajero automatico en Australia?,https://www.facebook.com/groups/colombianosenmelbourneaustralia/permalink/10156980148504512/,6-Aug-19,6-Aug-19,,,,,,,,,,,,,,
259,108,Melbourne,Australia,¿Necesito visa de transito para hacer escala en Dubai?,https://www.facebook.com/groups/colombianosenmelbourneaustralia/permalink/10156981094724512/,6-Aug-19,6-Aug-19,,,,,,,,,,,,,,
260,174,Sydney,Australia,¿Dónde se puede comprar bocadillos o arequipe?,https://www.facebook.com/groups/199938213463236?view=permalink&id=988786804578369,6-Aug-19,6-Aug-19,,,,,,,,,,,,,,
261,183,Sydney,Australia,¿Cuáles son los mejores destinos para ir a Bali?,https://www.facebook.com/groups/199938213463236?view=permalink&id=990040134453036,6-Aug-19,6-Aug-19,,,,,,,,,,,,,,
262,184,Sydney,Australia,¿Qué sitios hay para depilar cejas?,https://www.facebook.com/groups/199938213463236?view=permalink&id=984718531651863,6-Aug-19,6-Aug-19,,,,,,,,,,,,,,
263,185,Sydney,Australia,¿Qué seguros hay para personas mayores de 65 años?,https://www.facebook.com/groups/199938213463236?view=permalink&id=985979228192460,6-Aug-19,6-Aug-19,,,,,,,,,,,,,,
264,186,Sydney,Australia,¿Qué visa se necesita para hacer escala en Kuala Lumpur?,https://www.facebook.com/groups/199938213463236?view=permalink&id=987087558081627,6-Aug-19,6-Aug-19,,,,,,,,,,,,,,
265,6,Sydney,Australia,¿Qué agencia de viaje es mejor para ir a Australia?,https://www.facebook.com/groups/199938213463236?view=permalink&id=985752901548426,6-Aug-19,6-Aug-19,,,,,,,,,,,,,,
266,187,Sydney,Australia,¿ Dónde puedo rentar bicicletas eléctricas aparte de Volt o Avocado-Bikes?,https://www.facebook.com/groups/199938213463236?view=permalink&id=909329665857417,6-Aug-19,6-Aug-19,,,,,,,,,,,,,,
267,188,Sydney,Australia,¿Uber Eats descuenta un porcentaje de Ganancias?,https://www.facebook.com/groups/199938213463236?view=permalink&id=990889331034783,6-Aug-19,6-Aug-19,,,,,,,,,,,,,,
268,184,Sydney,Australia,¿Cuales odontologos hay en Sidney?,https://www.facebook.com/groups/199938213463236?view=permalink&id=990942241029492,6-Aug-19,6-Aug-19,,,,,,,,,,,,,,
269,184,Sydney,Australia,¿Quién tatúa con realismo y sombra en la ciudad?,https://www.facebook.com/groups/199938213463236?view=permalink&id=987580848032298,6-Aug-19,6-Aug-19,,,,,,,,,,,,,,
270,98,Sydney,Australia,¿Dónde hacen lentes de contacto o gafas económicos con su  examen incluido?,https://www.facebook.com/groups/199938213463236?view=permalink&id=989933291130387,6-Aug-19,6-Aug-19,,,,,,,,,,,,,,
271,16,Unknown,Australia,¿Cuál instituto es mejor para estudiar ingles en Sidney?,https://www.facebook.com/groups/812097568800501?view=permalink&id=1091803857496530,6-Aug-19,6-Aug-19,,,,,,,,,,,,,,
272,191,Sydney,Australia,¿Es segura la pagina de Roomster?,https://www.facebook.com/groups/199938213463236?view=permalink&id=991272524329797,6-Aug-19,6-Aug-19,,,,,,,,,,,,,,
273,184,Unknown,Australia,¿Qué odontolólogo trabaja con calzas?,https://www.facebook.com/groups/812097568800501?view=permalink&id=1200063183337260,6-Aug-19,6-Aug-19,,,,,,,,,,,,,,
274,193,Unknown,Australia,¿Quién trabaja como traductor oficial?,https://www.facebook.com/groups/812097568800501?view=permalink&id=1166951113315140,6-Aug-19,6-Aug-19,,,,,,,,,,,,,,
275,194,Unknown,Australia,¿Se puede presentar el driving test con una Van para obtener la licencia Australiana?,https://www.facebook.com/groups/812097568800501?view=permalink&id=1167769573233290,6-Aug-19,6-Aug-19,,,,,,,,,,,,,,
276,184,Unknown,Australia,¿Hay algún estilista colombiano en Sidney?,https://www.facebook.com/groups/812097568800501?view=permalink&id=1168307276512860,6-Aug-19,6-Aug-19,,,,,,,,,,,,,,
277,196,Unknown,Australia,"¿Qué carro se puede comprar con $2,000?",https://www.facebook.com/groups/812097568800501?view=permalink&id=1206350502708530,6-Aug-19,6-Aug-19,,,,,,,,,,,,,,